-- phpMyAdmin SQL Dump
-- version 5.2.1
-- https://www.phpmyadmin.net/
--
-- Servidor: 127.0.0.1
-- Tiempo de generación: 11-04-2024 a las 03:28:48
-- Versión del servidor: 10.4.32-MariaDB
-- Versión de PHP: 8.2.12

SET SQL_MODE = "NO_AUTO_VALUE_ON_ZERO";
START TRANSACTION;
SET time_zone = "+00:00";


/*!40101 SET @OLD_CHARACTER_SET_CLIENT=@@CHARACTER_SET_CLIENT */;
/*!40101 SET @OLD_CHARACTER_SET_RESULTS=@@CHARACTER_SET_RESULTS */;
/*!40101 SET @OLD_COLLATION_CONNECTION=@@COLLATION_CONNECTION */;
/*!40101 SET NAMES utf8mb4 */;

--
-- Base de datos: `inicio_sesion`
--

--
-- Volcado de datos para la tabla `marcas`
--

INSERT INTO `marcas` (`id`, `nombre`, `created_at`, `updated_at`) VALUES
(1, 'Abarth', NULL, NULL),
(2, 'Alfa Romeo', NULL, NULL),
(3, 'Aro', NULL, NULL),
(4, 'Asia', NULL, NULL),
(5, 'Asia Motors', NULL, NULL),
(6, 'Aston Martin', NULL, NULL),
(7, 'Audi', NULL, NULL),
(8, 'Austin', NULL, NULL),
(9, 'Auverland', NULL, NULL),
(10, 'Bentley', NULL, NULL),
(11, 'Bertone', NULL, NULL),
(12, 'Bmw', NULL, NULL),
(13, 'Cadillac', NULL, NULL),
(14, 'Chevrolet', NULL, NULL),
(15, 'Chrysler', NULL, NULL),
(16, 'Citroen', NULL, NULL),
(17, 'Corvette', NULL, NULL),
(18, 'Dacia', NULL, NULL),
(19, 'Daewoo', NULL, NULL),
(20, 'Daf', NULL, NULL),
(21, 'Daihatsu', NULL, NULL),
(22, 'Daimler', NULL, NULL),
(23, 'Dodge', NULL, NULL),
(24, 'Ferrari', NULL, NULL),
(25, 'Fiat', NULL, NULL),
(26, 'Ford', NULL, NULL),
(27, 'Galloper', NULL, NULL),
(28, 'Gmc', NULL, NULL),
(29, 'Honda', NULL, NULL),
(30, 'Hummer', NULL, NULL),
(31, 'Hyundai', NULL, NULL),
(32, 'Infiniti', NULL, NULL),
(33, 'Innocenti', NULL, NULL),
(34, 'Isuzu', NULL, NULL),
(35, 'Iveco', NULL, NULL),
(36, 'Iveco-pegaso', NULL, NULL),
(37, 'Jaguar', NULL, NULL),
(38, 'Jeep', NULL, NULL),
(39, 'Kia', NULL, NULL),
(40, 'Lada', NULL, NULL),
(41, 'Lamborghini', NULL, NULL),
(42, 'Lancia', NULL, NULL),
(43, 'Land-rover', NULL, NULL),
(44, 'Ldv', NULL, NULL),
(45, 'Lexus', NULL, NULL),
(46, 'Lotus', NULL, NULL),
(47, 'Mahindra', NULL, NULL),
(48, 'Maserati', NULL, NULL),
(49, 'Maybach', NULL, NULL),
(50, 'Mazda', NULL, NULL),
(51, 'Mercedes-benz', NULL, NULL),
(52, 'Mg', NULL, NULL),
(53, 'Mini', NULL, NULL),
(54, 'Mitsubishi', NULL, NULL),
(55, 'Morgan', NULL, NULL),
(56, 'Nissan', NULL, NULL),
(57, 'Opel', NULL, NULL),
(58, 'Peugeot', NULL, NULL),
(59, 'Pontiac', NULL, NULL),
(60, 'Porsche', NULL, NULL),
(61, 'Renault', NULL, NULL),
(62, 'Rolls-royce', NULL, NULL),
(63, 'Rover', NULL, NULL),
(64, 'Saab', NULL, NULL),
(65, 'Santana', NULL, NULL),
(66, 'Seat', NULL, NULL),
(67, 'Skoda', NULL, NULL),
(68, 'Smart', NULL, NULL),
(69, 'Ssangyong', NULL, NULL),
(70, 'Subaru', NULL, NULL),
(71, 'Suzuki', NULL, NULL),
(72, 'Talbot', NULL, NULL),
(73, 'Tata', NULL, NULL),
(74, 'Toyota', NULL, NULL),
(75, 'Umm', NULL, NULL),
(76, 'Vaz', NULL, NULL),
(77, 'Volkswagen', NULL, NULL),
(78, 'Volvo', NULL, NULL),
(79, 'Wartburg', NULL, NULL);

--
-- Volcado de datos para la tabla `modelos`
--

INSERT INTO `modelos` (`id`, `nombre`, `marcas_id`, `created_at`, `updated_at`) VALUES
(1, '500', 1, NULL, NULL),
(2, 'Grande Punto', 1, NULL, NULL),
(3, 'Punto Evo', 1, NULL, NULL),
(4, '500c', 1, NULL, NULL),
(5, '695', 1, NULL, NULL),
(6, 'Punto', 1, NULL, NULL),
(7, '155', 2, NULL, NULL),
(8, '156', 2, NULL, NULL),
(9, '159', 2, NULL, NULL),
(10, '164', 2, NULL, NULL),
(11, '145', 2, NULL, NULL),
(12, '147', 2, NULL, NULL),
(13, '146', 2, NULL, NULL),
(14, 'Gtv', 2, NULL, NULL),
(15, 'Spider', 2, NULL, NULL),
(16, '166', 2, NULL, NULL),
(17, 'Gt', 2, NULL, NULL),
(18, 'Crosswagon', 2, NULL, NULL),
(19, 'Brera', 2, NULL, NULL),
(20, '90', 2, NULL, NULL),
(21, '75', 2, NULL, NULL),
(22, '33', 2, NULL, NULL),
(23, 'Giulietta', 2, NULL, NULL),
(24, 'Sprint', 2, NULL, NULL),
(25, 'Mito', 2, NULL, NULL),
(26, 'Expander', 3, NULL, NULL),
(27, '10', 3, NULL, NULL),
(28, '24', 3, NULL, NULL),
(29, 'Dacia', 3, NULL, NULL),
(30, 'Rocsta', 4, NULL, NULL),
(31, 'Rocsta', 5, NULL, NULL),
(32, 'Db7', 6, NULL, NULL),
(33, 'V8', 6, NULL, NULL),
(34, 'Db9', 6, NULL, NULL),
(35, 'Vanquish', 6, NULL, NULL),
(36, 'V8 Vantage', 6, NULL, NULL),
(37, 'Vantage', 6, NULL, NULL),
(38, 'Dbs', 6, NULL, NULL),
(39, 'Volante', 6, NULL, NULL),
(40, 'Virage', 6, NULL, NULL),
(41, 'Vantage V8', 6, NULL, NULL),
(42, 'Vantage V12', 6, NULL, NULL),
(43, 'Rapide', 6, NULL, NULL),
(44, 'Cygnet', 6, NULL, NULL),
(45, '80', 7, NULL, NULL),
(46, 'A4', 7, NULL, NULL),
(47, 'A6', 7, NULL, NULL),
(48, 'S6', 7, NULL, NULL),
(49, 'Coupe', 7, NULL, NULL),
(50, 'S2', 7, NULL, NULL),
(51, 'Rs2', 7, NULL, NULL),
(52, 'A8', 7, NULL, NULL),
(53, 'Cabriolet', 7, NULL, NULL),
(54, 'S8', 7, NULL, NULL),
(55, 'A3', 7, NULL, NULL),
(56, 'S4', 7, NULL, NULL),
(57, 'Tt', 7, NULL, NULL),
(58, 'S3', 7, NULL, NULL),
(59, 'Allroad Quattro', 7, NULL, NULL),
(60, 'Rs4', 7, NULL, NULL),
(61, 'A2', 7, NULL, NULL),
(62, 'Rs6', 7, NULL, NULL),
(63, 'Q7', 7, NULL, NULL),
(64, 'R8', 7, NULL, NULL),
(65, 'A5', 7, NULL, NULL),
(66, 'S5', 7, NULL, NULL),
(67, 'V8', 7, NULL, NULL),
(68, '200', 7, NULL, NULL),
(69, '100', 7, NULL, NULL),
(70, '90', 7, NULL, NULL),
(71, 'Tts', 7, NULL, NULL),
(72, 'Q5', 7, NULL, NULL),
(73, 'A4 Allroad Quattro', 7, NULL, NULL),
(74, 'Tt Rs', 7, NULL, NULL),
(75, 'Rs5', 7, NULL, NULL),
(76, 'A1', 7, NULL, NULL),
(77, 'A7', 7, NULL, NULL),
(78, 'Rs3', 7, NULL, NULL),
(79, 'Q3', 7, NULL, NULL),
(80, 'A6 Allroad Quattro', 7, NULL, NULL),
(81, 'S7', 7, NULL, NULL),
(82, 'Sq5', 7, NULL, NULL),
(83, 'Mini', 8, NULL, NULL),
(84, 'Montego', 8, NULL, NULL),
(85, 'Maestro', 8, NULL, NULL),
(86, 'Metro', 8, NULL, NULL),
(87, 'Mini Moke', 8, NULL, NULL),
(88, 'Diesel', 9, NULL, NULL),
(89, 'Brooklands', 10, NULL, NULL),
(90, 'Turbo', 10, NULL, NULL),
(91, 'Continental', 10, NULL, NULL),
(92, 'Azure', 10, NULL, NULL),
(93, 'Arnage', 10, NULL, NULL),
(94, 'Continental Gt', 10, NULL, NULL),
(95, 'Continental Flying Spur', 10, NULL, NULL),
(96, 'Turbo R', 10, NULL, NULL),
(97, 'Mulsanne', 10, NULL, NULL),
(98, 'Eight', 10, NULL, NULL),
(99, 'Continental Gtc', 10, NULL, NULL),
(100, 'Continental Supersports', 10, NULL, NULL),
(101, 'Freeclimber Diesel', 11, NULL, NULL),
(102, 'Serie 3', 12, NULL, NULL),
(103, 'Serie 5', 12, NULL, NULL),
(104, 'Compact', 12, NULL, NULL),
(105, 'Serie 7', 12, NULL, NULL),
(106, 'Serie 8', 12, NULL, NULL),
(107, 'Z3', 12, NULL, NULL),
(108, 'Z4', 12, NULL, NULL),
(109, 'Z8', 12, NULL, NULL),
(110, 'X5', 12, NULL, NULL),
(111, 'Serie 6', 12, NULL, NULL),
(112, 'X3', 12, NULL, NULL),
(113, 'Serie 1', 12, NULL, NULL),
(114, 'Z1', 12, NULL, NULL),
(115, 'X6', 12, NULL, NULL),
(116, 'X1', 12, NULL, NULL),
(117, 'Seville', 13, NULL, NULL),
(118, 'Sts', 13, NULL, NULL),
(119, 'El Dorado', 13, NULL, NULL),
(120, 'Cts', 13, NULL, NULL),
(121, 'Xlr', 13, NULL, NULL),
(122, 'Srx', 13, NULL, NULL),
(123, 'Escalade', 13, NULL, NULL),
(124, 'Bls', 13, NULL, NULL),
(125, 'Corvette', 14, NULL, NULL),
(126, 'Blazer', 14, NULL, NULL),
(127, 'Astro', 14, NULL, NULL),
(128, 'Nubira', 14, NULL, NULL),
(129, 'Evanda', 14, NULL, NULL),
(130, 'Trans Sport', 14, NULL, NULL),
(131, 'Camaro', 14, NULL, NULL),
(132, 'Matiz', 14, NULL, NULL),
(133, 'Alero', 14, NULL, NULL),
(134, 'Tahoe', 14, NULL, NULL),
(135, 'Tacuma', 14, NULL, NULL),
(136, 'Trailblazer', 14, NULL, NULL),
(137, 'Kalos', 14, NULL, NULL),
(138, 'Aveo', 14, NULL, NULL),
(139, 'Lacetti', 14, NULL, NULL),
(140, 'Epica', 14, NULL, NULL),
(141, 'Captiva', 14, NULL, NULL),
(142, 'Hhr', 14, NULL, NULL),
(143, 'Cruze', 14, NULL, NULL),
(144, 'Spark', 14, NULL, NULL),
(145, 'Orlando', 14, NULL, NULL),
(146, 'Volt', 14, NULL, NULL),
(147, 'Malibu', 14, NULL, NULL),
(148, 'Vision', 15, NULL, NULL),
(149, '300m', 15, NULL, NULL),
(150, 'Grand Voyager', 15, NULL, NULL),
(151, 'Viper', 15, NULL, NULL),
(152, 'Neon', 15, NULL, NULL),
(153, 'Voyager', 15, NULL, NULL),
(154, 'Stratus', 15, NULL, NULL),
(155, 'Sebring', 15, NULL, NULL),
(156, 'Sebring 200c', 15, NULL, NULL),
(157, 'New Yorker', 15, NULL, NULL),
(158, 'Pt Cruiser', 15, NULL, NULL),
(159, 'Crossfire', 15, NULL, NULL),
(160, '300c', 15, NULL, NULL),
(161, 'Le Baron', 15, NULL, NULL),
(162, 'Saratoga', 15, NULL, NULL),
(163, 'Xantia', 16, NULL, NULL),
(164, 'Xm', 16, NULL, NULL),
(165, 'Ax', 16, NULL, NULL),
(166, 'Zx', 16, NULL, NULL),
(167, 'Evasion', 16, NULL, NULL),
(168, 'C8', 16, NULL, NULL),
(169, 'Saxo', 16, NULL, NULL),
(170, 'C2', 16, NULL, NULL),
(171, 'Xsara', 16, NULL, NULL),
(172, 'C4', 16, NULL, NULL),
(173, 'Xsara Picasso', 16, NULL, NULL),
(174, 'C5', 16, NULL, NULL),
(175, 'C3', 16, NULL, NULL),
(176, 'C3 Pluriel', 16, NULL, NULL),
(177, 'C1', 16, NULL, NULL),
(178, 'C6', 16, NULL, NULL),
(179, 'Grand C4 Picasso', 16, NULL, NULL),
(180, 'C4 Picasso', 16, NULL, NULL),
(181, 'Ccrosser', 16, NULL, NULL),
(182, 'C15', 16, NULL, NULL),
(183, 'Jumper', 16, NULL, NULL),
(184, 'Jumpy', 16, NULL, NULL),
(185, 'Berlingo', 16, NULL, NULL),
(186, 'Bx', 16, NULL, NULL),
(187, 'C25', 16, NULL, NULL),
(188, 'Cx', 16, NULL, NULL),
(189, 'Gsa', 16, NULL, NULL),
(190, 'Visa', 16, NULL, NULL),
(191, 'Lna', 16, NULL, NULL),
(192, '2cv', 16, NULL, NULL),
(193, 'Nemo', 16, NULL, NULL),
(194, 'C4 Sedan', 16, NULL, NULL),
(195, 'Berlingo First', 16, NULL, NULL),
(196, 'C3 Picasso', 16, NULL, NULL),
(197, 'Ds3', 16, NULL, NULL),
(198, 'Czero', 16, NULL, NULL),
(199, 'Ds4', 16, NULL, NULL),
(200, 'Ds5', 16, NULL, NULL),
(201, 'C4 Aircross', 16, NULL, NULL),
(202, 'Celysee', 16, NULL, NULL),
(203, 'Corvette', 17, NULL, NULL),
(204, 'Contac', 18, NULL, NULL),
(205, 'Logan', 18, NULL, NULL),
(206, 'Sandero', 18, NULL, NULL),
(207, 'Duster', 18, NULL, NULL),
(208, 'Lodgy', 18, NULL, NULL),
(209, 'Nexia', 19, NULL, NULL),
(210, 'Aranos', 19, NULL, NULL),
(211, 'Lanos', 19, NULL, NULL),
(212, 'Nubira', 19, NULL, NULL),
(213, 'Compact', 19, NULL, NULL),
(214, 'Nubira Compact', 19, NULL, NULL),
(215, 'Leganza', 19, NULL, NULL),
(216, 'Evanda', 19, NULL, NULL),
(217, 'Matiz', 19, NULL, NULL),
(218, 'Tacuma', 19, NULL, NULL),
(219, 'Kalos', 19, NULL, NULL),
(220, 'Lacetti', 19, NULL, NULL),
(221, 'Applause', 21, NULL, NULL),
(222, 'Charade', 21, NULL, NULL),
(223, 'Rocky', 21, NULL, NULL),
(224, 'Feroza', 21, NULL, NULL),
(225, 'Terios', 21, NULL, NULL),
(226, 'Sirion', 21, NULL, NULL),
(227, 'Serie Xj', 22, NULL, NULL),
(228, 'Xj', 22, NULL, NULL),
(229, 'Double Six', 22, NULL, NULL),
(230, 'Six', 22, NULL, NULL),
(231, 'Series Iii', 22, NULL, NULL),
(232, 'Viper', 23, NULL, NULL),
(233, 'Caliber', 23, NULL, NULL),
(234, 'Nitro', 23, NULL, NULL),
(235, 'Avenger', 23, NULL, NULL),
(236, 'Journey', 23, NULL, NULL),
(237, 'F355', 24, NULL, NULL),
(238, '360', 24, NULL, NULL),
(239, 'F430', 24, NULL, NULL),
(240, 'F512 M', 24, NULL, NULL),
(241, '550 Maranello', 24, NULL, NULL),
(242, '575m Maranello', 24, NULL, NULL),
(243, '599', 24, NULL, NULL),
(244, '456', 24, NULL, NULL),
(245, '456m', 24, NULL, NULL),
(246, '612', 24, NULL, NULL),
(247, 'F50', 24, NULL, NULL),
(248, 'Enzo', 24, NULL, NULL),
(249, 'Superamerica', 24, NULL, NULL),
(250, '430', 24, NULL, NULL),
(251, '348', 24, NULL, NULL),
(252, 'Testarossa', 24, NULL, NULL),
(253, '512', 24, NULL, NULL),
(254, '355', 24, NULL, NULL),
(255, 'F40', 24, NULL, NULL),
(256, '412', 24, NULL, NULL),
(257, 'Mondial', 24, NULL, NULL),
(258, '328', 24, NULL, NULL),
(259, 'California', 24, NULL, NULL),
(260, '458', 24, NULL, NULL),
(261, 'Ff', 24, NULL, NULL),
(262, 'Croma', 25, NULL, NULL),
(263, 'Cinquecento', 25, NULL, NULL),
(264, 'Seicento', 25, NULL, NULL),
(265, 'Punto', 25, NULL, NULL),
(266, 'Grande Punto', 25, NULL, NULL),
(267, 'Panda', 25, NULL, NULL),
(268, 'Tipo', 25, NULL, NULL),
(269, 'Coupe', 25, NULL, NULL),
(270, 'Uno', 25, NULL, NULL),
(271, 'Ulysse', 25, NULL, NULL),
(272, 'Tempra', 25, NULL, NULL),
(273, 'Marea', 25, NULL, NULL),
(274, 'Barchetta', 25, NULL, NULL),
(275, 'Bravo', 25, NULL, NULL),
(276, 'Stilo', 25, NULL, NULL),
(277, 'Brava', 25, NULL, NULL),
(278, 'Palio Weekend', 25, NULL, NULL),
(279, '600', 25, NULL, NULL),
(280, 'Multipla', 25, NULL, NULL),
(281, 'Idea', 25, NULL, NULL),
(282, 'Sedici', 25, NULL, NULL),
(283, 'Linea', 25, NULL, NULL),
(284, '500', 25, NULL, NULL),
(285, 'Fiorino', 25, NULL, NULL),
(286, 'Ducato', 25, NULL, NULL),
(287, 'Doblo Cargo', 25, NULL, NULL),
(288, 'Doblo', 25, NULL, NULL),
(289, 'Strada', 25, NULL, NULL),
(290, 'Regata', 25, NULL, NULL),
(291, 'Talento', 25, NULL, NULL),
(292, 'Argenta', 25, NULL, NULL),
(293, 'Ritmo', 25, NULL, NULL),
(294, 'Punto Classic', 25, NULL, NULL),
(295, 'Qubo', 25, NULL, NULL),
(296, 'Punto Evo', 25, NULL, NULL),
(297, '500c', 25, NULL, NULL),
(298, 'Freemont', 25, NULL, NULL),
(299, 'Panda Classic', 25, NULL, NULL),
(300, '500l', 25, NULL, NULL),
(301, 'Maverick', 26, NULL, NULL),
(302, 'Escort', 26, NULL, NULL),
(303, 'Focus', 26, NULL, NULL),
(304, 'Mondeo', 26, NULL, NULL),
(305, 'Scorpio', 26, NULL, NULL),
(306, 'Fiesta', 26, NULL, NULL),
(307, 'Probe', 26, NULL, NULL),
(308, 'Explorer', 26, NULL, NULL),
(309, 'Galaxy', 26, NULL, NULL),
(310, 'Ka', 26, NULL, NULL),
(311, 'Puma', 26, NULL, NULL),
(312, 'Cougar', 26, NULL, NULL),
(313, 'Focus Cmax', 26, NULL, NULL),
(314, 'Fusion', 26, NULL, NULL),
(315, 'Streetka', 26, NULL, NULL),
(316, 'Cmax', 26, NULL, NULL),
(317, 'Smax', 26, NULL, NULL),
(318, 'Transit', 26, NULL, NULL),
(319, 'Courier', 26, NULL, NULL),
(320, 'Ranger', 26, NULL, NULL),
(321, 'Sierra', 26, NULL, NULL),
(322, 'Orion', 26, NULL, NULL),
(323, 'Pick Up', 26, NULL, NULL),
(324, 'Capri', 26, NULL, NULL),
(325, 'Granada', 26, NULL, NULL),
(326, 'Kuga', 26, NULL, NULL),
(327, 'Grand Cmax', 26, NULL, NULL),
(328, 'Bmax', 26, NULL, NULL),
(329, 'Tourneo Custom', 26, NULL, NULL),
(330, 'Exceed', 27, NULL, NULL),
(331, 'Santamo', 27, NULL, NULL),
(332, 'Super Exceed', 27, NULL, NULL),
(333, 'Accord', 29, NULL, NULL),
(334, 'Civic', 29, NULL, NULL),
(335, 'Crx', 29, NULL, NULL),
(336, 'Prelude', 29, NULL, NULL),
(337, 'Nsx', 29, NULL, NULL),
(338, 'Legend', 29, NULL, NULL),
(339, 'Crv', 29, NULL, NULL),
(340, 'Hrv', 29, NULL, NULL),
(341, 'Logo', 29, NULL, NULL),
(342, 'S2000', 29, NULL, NULL),
(343, 'Stream', 29, NULL, NULL),
(344, 'Jazz', 29, NULL, NULL),
(345, 'Frv', 29, NULL, NULL),
(346, 'Concerto', 29, NULL, NULL),
(347, 'Insight', 29, NULL, NULL),
(348, 'Crz', 29, NULL, NULL),
(349, 'H2', 30, NULL, NULL),
(350, 'H3', 30, NULL, NULL),
(351, 'H3t', 30, NULL, NULL),
(352, 'Lantra', 31, NULL, NULL),
(353, 'Sonata', 31, NULL, NULL),
(354, 'Elantra', 31, NULL, NULL),
(355, 'Accent', 31, NULL, NULL),
(356, 'Scoupe', 31, NULL, NULL),
(357, 'Coupe', 31, NULL, NULL),
(358, 'Atos', 31, NULL, NULL),
(359, 'H1', 31, NULL, NULL),
(360, 'Atos Prime', 31, NULL, NULL),
(361, 'Xg', 31, NULL, NULL),
(362, 'Trajet', 31, NULL, NULL),
(363, 'Santa Fe', 31, NULL, NULL),
(364, 'Terracan', 31, NULL, NULL),
(365, 'Matrix', 31, NULL, NULL),
(366, 'Getz', 31, NULL, NULL),
(367, 'Tucson', 31, NULL, NULL),
(368, 'I30', 31, NULL, NULL),
(369, 'Pony', 31, NULL, NULL),
(370, 'Grandeur', 31, NULL, NULL),
(371, 'I10', 31, NULL, NULL),
(372, 'I800', 31, NULL, NULL),
(373, 'Sonata Fl', 31, NULL, NULL),
(374, 'Ix55', 31, NULL, NULL),
(375, 'I20', 31, NULL, NULL),
(376, 'Ix35', 31, NULL, NULL),
(377, 'Ix20', 31, NULL, NULL),
(378, 'Genesis', 31, NULL, NULL),
(379, 'I40', 31, NULL, NULL),
(380, 'Veloster', 31, NULL, NULL),
(381, 'G', 32, NULL, NULL),
(382, 'Ex', 32, NULL, NULL),
(383, 'Fx', 32, NULL, NULL),
(384, 'M', 32, NULL, NULL),
(385, 'Elba', 33, NULL, NULL),
(386, 'Minitre', 33, NULL, NULL),
(387, 'Trooper', 34, NULL, NULL),
(388, 'Pick Up', 34, NULL, NULL),
(389, 'D Max', 34, NULL, NULL),
(390, 'Rodeo', 34, NULL, NULL),
(391, 'Dmax', 34, NULL, NULL),
(392, 'Trroper', 34, NULL, NULL),
(393, 'Daily', 35, NULL, NULL),
(394, 'Massif', 35, NULL, NULL),
(395, 'Daily', 36, NULL, NULL),
(396, 'Duty', 36, NULL, NULL),
(397, 'Serie Xj', 37, NULL, NULL),
(398, 'Serie Xk', 37, NULL, NULL),
(399, 'Xj', 37, NULL, NULL),
(400, 'Stype', 37, NULL, NULL),
(401, 'Xf', 37, NULL, NULL),
(402, 'Xtype', 37, NULL, NULL),
(403, 'Wrangler', 38, NULL, NULL),
(404, 'Cherokee', 38, NULL, NULL),
(405, 'Grand Cherokee', 38, NULL, NULL),
(406, 'Commander', 38, NULL, NULL),
(407, 'Compass', 38, NULL, NULL),
(408, 'Wrangler Unlimited', 38, NULL, NULL),
(409, 'Patriot', 38, NULL, NULL),
(410, 'Sportage', 39, NULL, NULL),
(411, 'Sephia', 39, NULL, NULL),
(412, 'Sephia Ii', 39, NULL, NULL),
(413, 'Pride', 39, NULL, NULL),
(414, 'Clarus', 39, NULL, NULL),
(415, 'Shuma', 39, NULL, NULL),
(416, 'Carnival', 39, NULL, NULL),
(417, 'Joice', 39, NULL, NULL),
(418, 'Magentis', 39, NULL, NULL),
(419, 'Carens', 39, NULL, NULL),
(420, 'Rio', 39, NULL, NULL),
(421, 'Cerato', 39, NULL, NULL),
(422, 'Sorento', 39, NULL, NULL),
(423, 'Opirus', 39, NULL, NULL),
(424, 'Picanto', 39, NULL, NULL),
(425, 'Ceed', 39, NULL, NULL),
(426, 'Ceed Sporty Wagon', 39, NULL, NULL),
(427, 'Proceed', 39, NULL, NULL),
(428, 'K2500 Frontier', 39, NULL, NULL),
(429, 'K2500', 39, NULL, NULL),
(430, 'Soul', 39, NULL, NULL),
(431, 'Venga', 39, NULL, NULL),
(432, 'Optima', 39, NULL, NULL),
(433, 'Ceed Sportswagon', 39, NULL, NULL),
(434, 'Samara', 40, NULL, NULL),
(435, 'Niva', 40, NULL, NULL),
(436, 'Sagona', 40, NULL, NULL),
(437, 'Stawra 2110', 40, NULL, NULL),
(438, '214', 40, NULL, NULL),
(439, 'Kalina', 40, NULL, NULL),
(440, 'Serie 2100', 40, NULL, NULL),
(441, 'Priora', 40, NULL, NULL),
(442, 'Gallardo', 41, NULL, NULL),
(443, 'Murcielago', 41, NULL, NULL),
(444, 'Aventador', 41, NULL, NULL),
(445, 'Delta', 42, NULL, NULL),
(446, 'K', 42, NULL, NULL),
(447, 'Y10', 42, NULL, NULL),
(448, 'Dedra', 42, NULL, NULL),
(449, 'Lybra', 42, NULL, NULL),
(450, 'Z', 42, NULL, NULL),
(451, 'Y', 42, NULL, NULL),
(452, 'Ypsilon', 42, NULL, NULL),
(453, 'Thesis', 42, NULL, NULL),
(454, 'Phedra', 42, NULL, NULL),
(455, 'Musa', 42, NULL, NULL),
(456, 'Thema', 42, NULL, NULL),
(457, 'Zeta', 42, NULL, NULL),
(458, 'Kappa', 42, NULL, NULL),
(459, 'Trevi', 42, NULL, NULL),
(460, 'Prisma', 42, NULL, NULL),
(461, 'A112', 42, NULL, NULL),
(462, 'Ypsilon Elefantino', 42, NULL, NULL),
(463, 'Voyager', 42, NULL, NULL),
(464, 'Range Rover', 43, NULL, NULL),
(465, 'Defender', 43, NULL, NULL),
(466, 'Discovery', 43, NULL, NULL),
(467, 'Freelander', 43, NULL, NULL),
(468, 'Range Rover Sport', 43, NULL, NULL),
(469, 'Discovery 4', 43, NULL, NULL),
(470, 'Range Rover Evoque', 43, NULL, NULL),
(471, 'Maxus', 44, NULL, NULL),
(472, 'Ls400', 45, NULL, NULL),
(473, 'Ls430', 45, NULL, NULL),
(474, 'Gs300', 45, NULL, NULL),
(475, 'Is200', 45, NULL, NULL),
(476, 'Rx300', 45, NULL, NULL),
(477, 'Gs430', 45, NULL, NULL),
(478, 'Gs460', 45, NULL, NULL),
(479, 'Sc430', 45, NULL, NULL),
(480, 'Is300', 45, NULL, NULL),
(481, 'Is250', 45, NULL, NULL),
(482, 'Rx400h', 45, NULL, NULL),
(483, 'Is220d', 45, NULL, NULL),
(484, 'Rx350', 45, NULL, NULL),
(485, 'Gs450h', 45, NULL, NULL),
(486, 'Ls460', 45, NULL, NULL),
(487, 'Ls600h', 45, NULL, NULL),
(488, 'Ls', 45, NULL, NULL),
(489, 'Gs', 45, NULL, NULL),
(490, 'Is', 45, NULL, NULL),
(491, 'Sc', 45, NULL, NULL),
(492, 'Rx', 45, NULL, NULL),
(493, 'Ct', 45, NULL, NULL),
(494, 'Elise', 46, NULL, NULL),
(495, 'Exige', 46, NULL, NULL),
(496, 'Bolero Pickup', 47, NULL, NULL),
(497, 'Goa Pickup', 47, NULL, NULL),
(498, 'Goa', 47, NULL, NULL),
(499, 'Cj', 47, NULL, NULL),
(500, 'Pikup', 47, NULL, NULL),
(501, 'Thar', 47, NULL, NULL),
(502, 'Ghibli', 48, NULL, NULL),
(503, 'Shamal', 48, NULL, NULL),
(504, 'Quattroporte', 48, NULL, NULL),
(505, '3200 Gt', 48, NULL, NULL),
(506, 'Coupe', 48, NULL, NULL),
(507, 'Spyder', 48, NULL, NULL),
(508, 'Gransport', 48, NULL, NULL),
(509, 'Granturismo', 48, NULL, NULL),
(510, '430', 48, NULL, NULL),
(511, 'Biturbo', 48, NULL, NULL),
(512, '228', 48, NULL, NULL),
(513, '224', 48, NULL, NULL),
(514, 'Grancabrio', 48, NULL, NULL),
(515, 'Maybach', 49, NULL, NULL),
(516, 'Xedos 6', 50, NULL, NULL),
(517, '626', 50, NULL, NULL),
(518, '121', 50, NULL, NULL),
(519, 'Xedos 9', 50, NULL, NULL),
(520, '323', 50, NULL, NULL),
(521, 'Mx3', 50, NULL, NULL),
(522, 'Rx7', 50, NULL, NULL),
(523, 'Mx5', 50, NULL, NULL),
(524, 'Mazda3', 50, NULL, NULL),
(525, 'Mpv', 50, NULL, NULL),
(526, 'Demio', 50, NULL, NULL),
(527, 'Premacy', 50, NULL, NULL),
(528, 'Tribute', 50, NULL, NULL),
(529, 'Mazda6', 50, NULL, NULL),
(530, 'Mazda2', 50, NULL, NULL),
(531, 'Rx8', 50, NULL, NULL),
(532, 'Mazda5', 50, NULL, NULL),
(533, 'Cx7', 50, NULL, NULL),
(534, 'Serie B', 50, NULL, NULL),
(535, 'B2500', 50, NULL, NULL),
(536, 'Bt50', 50, NULL, NULL),
(537, 'Mx6', 50, NULL, NULL),
(538, '929', 50, NULL, NULL),
(539, 'Cx5', 50, NULL, NULL),
(540, 'Clase C', 51, NULL, NULL),
(541, 'Clase E', 51, NULL, NULL),
(542, 'Clase Sl', 51, NULL, NULL),
(543, 'Clase S', 51, NULL, NULL),
(544, 'Clase Cl', 51, NULL, NULL),
(545, 'Clase G', 51, NULL, NULL),
(546, 'Clase Slk', 51, NULL, NULL),
(547, 'Clase V', 51, NULL, NULL),
(548, 'Viano', 51, NULL, NULL),
(549, 'Clase Clk', 51, NULL, NULL),
(550, 'Clase A', 51, NULL, NULL),
(551, 'Clase M', 51, NULL, NULL),
(552, 'Vaneo', 51, NULL, NULL),
(553, 'Slklasse', 51, NULL, NULL),
(554, 'Slr Mclaren', 51, NULL, NULL),
(555, 'Clase Cls', 51, NULL, NULL),
(556, 'Clase R', 51, NULL, NULL),
(557, 'Clase Gl', 51, NULL, NULL),
(558, 'Clase B', 51, NULL, NULL),
(559, '100d', 51, NULL, NULL),
(560, '140d', 51, NULL, NULL),
(561, '180d', 51, NULL, NULL),
(562, 'Sprinter', 51, NULL, NULL),
(563, 'Vito', 51, NULL, NULL),
(564, 'Transporter', 51, NULL, NULL),
(565, '280', 51, NULL, NULL),
(566, '220', 51, NULL, NULL),
(567, '200', 51, NULL, NULL),
(568, '190', 51, NULL, NULL),
(569, '600', 51, NULL, NULL),
(570, '400', 51, NULL, NULL),
(571, 'Clase Sl R129', 51, NULL, NULL),
(572, '300', 51, NULL, NULL),
(573, '500', 51, NULL, NULL),
(574, '420', 51, NULL, NULL),
(575, '260', 51, NULL, NULL),
(576, '230', 51, NULL, NULL),
(577, 'Clase Clc', 51, NULL, NULL),
(578, 'Clase Glk', 51, NULL, NULL),
(579, 'Sls Amg', 51, NULL, NULL),
(580, 'Mgf', 52, NULL, NULL),
(581, 'Tf', 52, NULL, NULL),
(582, 'Zr', 52, NULL, NULL),
(583, 'Zs', 52, NULL, NULL),
(584, 'Zt', 52, NULL, NULL),
(585, 'Ztt', 52, NULL, NULL),
(586, 'Mini', 52, NULL, NULL),
(587, 'Countryman', 52, NULL, NULL),
(588, 'Paceman', 52, NULL, NULL),
(589, 'Montero', 54, NULL, NULL),
(590, 'Galant', 54, NULL, NULL),
(591, 'Colt', 54, NULL, NULL),
(592, 'Space Wagon', 54, NULL, NULL),
(593, 'Space Runner', 54, NULL, NULL),
(594, 'Space Gear', 54, NULL, NULL),
(595, '3000 Gt', 54, NULL, NULL),
(596, 'Carisma', 54, NULL, NULL),
(597, 'Eclipse', 54, NULL, NULL),
(598, 'Space Star', 54, NULL, NULL),
(599, 'Montero Sport', 54, NULL, NULL),
(600, 'Montero Io', 54, NULL, NULL),
(601, 'Outlander', 54, NULL, NULL),
(602, 'Lancer', 54, NULL, NULL),
(603, 'Grandis', 54, NULL, NULL),
(604, 'L200', 54, NULL, NULL),
(605, 'Canter', 54, NULL, NULL),
(606, '300 Gt', 54, NULL, NULL),
(607, 'Asx', 54, NULL, NULL),
(608, 'Imiev', 54, NULL, NULL),
(609, '44', 55, NULL, NULL),
(610, 'Plus 8', 55, NULL, NULL),
(611, 'Aero 8', 55, NULL, NULL),
(612, 'V6', 55, NULL, NULL),
(613, 'Roadster', 55, NULL, NULL),
(614, '4', 55, NULL, NULL),
(615, 'Plus 4', 55, NULL, NULL),
(616, 'Terrano Ii', 56, NULL, NULL),
(617, 'Terrano', 56, NULL, NULL),
(618, 'Micra', 56, NULL, NULL),
(619, 'Sunny', 56, NULL, NULL),
(620, 'Primera', 56, NULL, NULL),
(621, 'Serena', 56, NULL, NULL),
(622, 'Patrol', 56, NULL, NULL),
(623, 'Maxima Qx', 56, NULL, NULL),
(624, '200 Sx', 56, NULL, NULL),
(625, '300 Zx', 56, NULL, NULL),
(626, 'Patrol Gr', 56, NULL, NULL),
(627, '100 Nx', 56, NULL, NULL),
(628, 'Almera', 56, NULL, NULL),
(629, 'Pathfinder', 56, NULL, NULL),
(630, 'Almera Tino', 56, NULL, NULL),
(631, 'Xtrail', 56, NULL, NULL),
(632, '350z', 56, NULL, NULL),
(633, 'Murano', 56, NULL, NULL),
(634, 'Note', 56, NULL, NULL),
(635, 'Qashqai', 56, NULL, NULL),
(636, 'Tiida', 56, NULL, NULL),
(637, 'Vanette', 56, NULL, NULL),
(638, 'Trade', 56, NULL, NULL),
(639, 'Vanette Cargo', 56, NULL, NULL),
(640, 'Pickup', 56, NULL, NULL),
(641, 'Navara', 56, NULL, NULL),
(642, 'Cabstar E', 56, NULL, NULL),
(643, 'Cabstar', 56, NULL, NULL),
(644, 'Maxima', 56, NULL, NULL),
(645, 'Camion', 56, NULL, NULL),
(646, 'Prairie', 56, NULL, NULL),
(647, 'Bluebird', 56, NULL, NULL),
(648, 'Np300 Pick Up', 56, NULL, NULL),
(649, 'Qashqai2', 56, NULL, NULL),
(650, 'Pixo', 56, NULL, NULL),
(651, 'Gtr', 56, NULL, NULL),
(652, '370z', 56, NULL, NULL),
(653, 'Cube', 56, NULL, NULL),
(654, 'Juke', 56, NULL, NULL),
(655, 'Leaf', 56, NULL, NULL),
(656, 'Evalia', 56, NULL, NULL),
(657, 'Astra', 57, NULL, NULL),
(658, 'Vectra', 57, NULL, NULL),
(659, 'Calibra', 57, NULL, NULL),
(660, 'Corsa', 57, NULL, NULL),
(661, 'Omega', 57, NULL, NULL),
(662, 'Frontera', 57, NULL, NULL),
(663, 'Tigra', 57, NULL, NULL),
(664, 'Monterey', 57, NULL, NULL),
(665, 'Sintra', 57, NULL, NULL),
(666, 'Zafira', 57, NULL, NULL),
(667, 'Agila', 57, NULL, NULL),
(668, 'Speedster', 57, NULL, NULL),
(669, 'Signum', 57, NULL, NULL),
(670, 'Meriva', 57, NULL, NULL),
(671, 'Antara', 57, NULL, NULL),
(672, 'Gt', 57, NULL, NULL),
(673, 'Combo', 57, NULL, NULL),
(674, 'Movano', 57, NULL, NULL),
(675, 'Vivaro', 57, NULL, NULL),
(676, 'Kadett', 57, NULL, NULL),
(677, 'Monza', 57, NULL, NULL),
(678, 'Senator', 57, NULL, NULL),
(679, 'Rekord', 57, NULL, NULL),
(680, 'Manta', 57, NULL, NULL),
(681, 'Ascona', 57, NULL, NULL),
(682, 'Insignia', 57, NULL, NULL),
(683, 'Zafira Tourer', 57, NULL, NULL),
(684, 'Ampera', 57, NULL, NULL),
(685, 'Mokka', 57, NULL, NULL),
(686, 'Adam', 57, NULL, NULL),
(687, '306', 58, NULL, NULL),
(688, '605', 58, NULL, NULL),
(689, '106', 58, NULL, NULL),
(690, '205', 58, NULL, NULL),
(691, '405', 58, NULL, NULL),
(692, '406', 58, NULL, NULL),
(693, '806', 58, NULL, NULL),
(694, '807', 58, NULL, NULL),
(695, '407', 58, NULL, NULL),
(696, '307', 58, NULL, NULL),
(697, '206', 58, NULL, NULL),
(698, '607', 58, NULL, NULL),
(699, '308', 58, NULL, NULL),
(700, '307 Sw', 58, NULL, NULL),
(701, '206 Sw', 58, NULL, NULL),
(702, '407 Sw', 58, NULL, NULL),
(703, '1007', 58, NULL, NULL),
(704, '107', 58, NULL, NULL),
(705, '207', 58, NULL, NULL),
(706, '4007', 58, NULL, NULL),
(707, 'Boxer', 58, NULL, NULL),
(708, 'Partner', 58, NULL, NULL),
(709, 'J5', 58, NULL, NULL),
(710, '604', 58, NULL, NULL),
(711, '505', 58, NULL, NULL),
(712, '309', 58, NULL, NULL),
(713, 'Bipper', 58, NULL, NULL),
(714, 'Partner Origin', 58, NULL, NULL),
(715, '3008', 58, NULL, NULL),
(716, '5008', 58, NULL, NULL),
(717, 'Rcz', 58, NULL, NULL),
(718, '508', 58, NULL, NULL),
(719, 'Ion', 58, NULL, NULL),
(720, '208', 58, NULL, NULL),
(721, '4008', 58, NULL, NULL),
(722, 'Trans Sport', 59, NULL, NULL),
(723, 'Firebird', 59, NULL, NULL),
(724, 'Trans Am', 59, NULL, NULL),
(725, '911', 60, NULL, NULL),
(726, 'Boxster', 60, NULL, NULL),
(727, 'Cayenne', 60, NULL, NULL),
(728, 'Carrera Gt', 60, NULL, NULL),
(729, 'Cayman', 60, NULL, NULL),
(730, '928', 60, NULL, NULL),
(731, '968', 60, NULL, NULL),
(732, '944', 60, NULL, NULL),
(733, '924', 60, NULL, NULL),
(734, 'Panamera', 60, NULL, NULL),
(735, '918', 60, NULL, NULL),
(736, 'Megane', 61, NULL, NULL),
(737, 'Safrane', 61, NULL, NULL),
(738, 'Laguna', 61, NULL, NULL),
(739, 'Clio', 61, NULL, NULL),
(740, 'Twingo', 61, NULL, NULL),
(741, 'Nevada', 61, NULL, NULL),
(742, 'Espace', 61, NULL, NULL),
(743, 'Spider', 61, NULL, NULL),
(744, 'Scenic', 61, NULL, NULL),
(745, 'Grand Espace', 61, NULL, NULL),
(746, 'Avantime', 61, NULL, NULL),
(747, 'Vel Satis', 61, NULL, NULL),
(748, 'Grand Scenic', 61, NULL, NULL),
(749, 'Clio Campus', 61, NULL, NULL),
(750, 'Modus', 61, NULL, NULL),
(751, 'Express', 61, NULL, NULL),
(752, 'Trafic', 61, NULL, NULL),
(753, 'Master', 61, NULL, NULL),
(754, 'Kangoo', 61, NULL, NULL),
(755, 'Mascott', 61, NULL, NULL),
(756, 'Master Propulsion', 61, NULL, NULL),
(757, 'Maxity', 61, NULL, NULL),
(758, 'R19', 61, NULL, NULL),
(759, 'R25', 61, NULL, NULL),
(760, 'R5', 61, NULL, NULL),
(761, 'R21', 61, NULL, NULL),
(762, 'R4', 61, NULL, NULL),
(763, 'Alpine', 61, NULL, NULL),
(764, 'Fuego', 61, NULL, NULL),
(765, 'R18', 61, NULL, NULL),
(766, 'R11', 61, NULL, NULL),
(767, 'R9', 61, NULL, NULL),
(768, 'R6', 61, NULL, NULL),
(769, 'Grand Modus', 61, NULL, NULL),
(770, 'Kangoo Combi', 61, NULL, NULL),
(771, 'Koleos', 61, NULL, NULL),
(772, 'Fluence', 61, NULL, NULL),
(773, 'Wind', 61, NULL, NULL),
(774, 'Latitude', 61, NULL, NULL),
(775, 'Grand Kangoo Combi', 61, NULL, NULL),
(776, 'Siver Dawn', 62, NULL, NULL),
(777, 'Silver Spur', 62, NULL, NULL),
(778, 'Park Ward', 62, NULL, NULL),
(779, 'Silver Seraph', 62, NULL, NULL),
(780, 'Corniche', 62, NULL, NULL),
(781, 'Phantom', 62, NULL, NULL),
(782, 'Touring', 62, NULL, NULL),
(783, 'Silvier', 62, NULL, NULL),
(784, '800', 63, NULL, NULL),
(785, '600', 63, NULL, NULL),
(786, '100', 63, NULL, NULL),
(787, '200', 63, NULL, NULL),
(788, 'Coupe', 63, NULL, NULL),
(789, '400', 63, NULL, NULL),
(790, '45', 63, NULL, NULL),
(791, 'Cabriolet', 63, NULL, NULL),
(792, '25', 63, NULL, NULL),
(793, 'Mini', 63, NULL, NULL),
(794, '75', 63, NULL, NULL),
(795, 'Streetwise', 63, NULL, NULL),
(796, 'Sd', 63, NULL, NULL),
(797, '900', 64, NULL, NULL),
(798, '93', 64, NULL, NULL),
(799, '9000', 64, NULL, NULL),
(800, '95', 64, NULL, NULL),
(801, '93x', 64, NULL, NULL),
(802, '94x', 64, NULL, NULL),
(803, '300', 65, NULL, NULL),
(804, '350', 65, NULL, NULL),
(805, 'Anibal', 65, NULL, NULL),
(806, 'Anibal Pick Up', 65, NULL, NULL),
(807, 'Ibiza', 66, NULL, NULL),
(808, 'Cordoba', 66, NULL, NULL),
(809, 'Toledo', 66, NULL, NULL),
(810, 'Marbella', 66, NULL, NULL),
(811, 'Alhambra', 66, NULL, NULL),
(812, 'Arosa', 66, NULL, NULL),
(813, 'Leon', 66, NULL, NULL),
(814, 'Altea', 66, NULL, NULL),
(815, 'Altea Xl', 66, NULL, NULL),
(816, 'Altea Freetrack', 66, NULL, NULL),
(817, 'Terra', 66, NULL, NULL),
(818, 'Inca', 66, NULL, NULL),
(819, 'Malaga', 66, NULL, NULL),
(820, 'Ronda', 66, NULL, NULL),
(821, 'Exeo', 66, NULL, NULL),
(822, 'Mii', 66, NULL, NULL),
(823, 'Felicia', 67, NULL, NULL),
(824, 'Forman', 67, NULL, NULL),
(825, 'Octavia', 67, NULL, NULL),
(826, 'Octavia Tour', 67, NULL, NULL),
(827, 'Fabia', 67, NULL, NULL),
(828, 'Superb', 67, NULL, NULL),
(829, 'Roomster', 67, NULL, NULL),
(830, 'Scout', 67, NULL, NULL),
(831, 'Pickup', 67, NULL, NULL),
(832, 'Favorit', 67, NULL, NULL),
(833, '130', 67, NULL, NULL),
(834, 'S', 67, NULL, NULL),
(835, 'Yeti', 67, NULL, NULL),
(836, 'Citigo', 67, NULL, NULL),
(837, 'Rapid', 67, NULL, NULL),
(838, 'Smart', 68, NULL, NULL),
(839, 'Citycoupe', 68, NULL, NULL),
(840, 'Fortwo', 68, NULL, NULL),
(841, 'Cabrio', 68, NULL, NULL),
(842, 'Crossblade', 68, NULL, NULL),
(843, 'Roadster', 68, NULL, NULL),
(844, 'Forfour', 68, NULL, NULL),
(845, 'Korando', 69, NULL, NULL),
(846, 'Family', 69, NULL, NULL),
(847, 'K4d', 69, NULL, NULL),
(848, 'Musso', 69, NULL, NULL),
(849, 'Korando Kj', 69, NULL, NULL),
(850, 'Rexton', 69, NULL, NULL),
(851, 'Rexton Ii', 69, NULL, NULL),
(852, 'Rodius', 69, NULL, NULL),
(853, 'Kyron', 69, NULL, NULL),
(854, 'Actyon', 69, NULL, NULL),
(855, 'Sports Pick Up', 69, NULL, NULL),
(856, 'Actyon Sports Pick Up', 69, NULL, NULL),
(857, 'Kodando', 69, NULL, NULL),
(858, 'Legacy', 70, NULL, NULL),
(859, 'Impreza', 70, NULL, NULL),
(860, 'Svx', 70, NULL, NULL),
(861, 'Justy', 70, NULL, NULL),
(862, 'Outback', 70, NULL, NULL),
(863, 'Forester', 70, NULL, NULL),
(864, 'G3x Justy', 70, NULL, NULL),
(865, 'B9 Tribeca', 70, NULL, NULL),
(866, 'Xt', 70, NULL, NULL),
(867, '1800', 70, NULL, NULL),
(868, 'Tribeca', 70, NULL, NULL),
(869, 'Wrx Sti', 70, NULL, NULL),
(870, 'Trezia', 70, NULL, NULL),
(871, 'Xv', 70, NULL, NULL),
(872, 'Brz', 70, NULL, NULL),
(873, 'Maruti', 71, NULL, NULL),
(874, 'Swift', 71, NULL, NULL),
(875, 'Vitara', 71, NULL, NULL),
(876, 'Baleno', 71, NULL, NULL),
(877, 'Samurai', 71, NULL, NULL),
(878, 'Alto', 71, NULL, NULL),
(879, 'Wagon R', 71, NULL, NULL),
(880, 'Jimny', 71, NULL, NULL),
(881, 'Grand Vitara', 71, NULL, NULL),
(882, 'Ignis', 71, NULL, NULL),
(883, 'Liana', 71, NULL, NULL),
(884, 'Grand Vitara Xl7', 71, NULL, NULL),
(885, 'Sx4', 71, NULL, NULL),
(886, 'Splash', 71, NULL, NULL),
(887, 'Kizashi', 71, NULL, NULL),
(888, 'Samba', 72, NULL, NULL),
(889, 'Tagora', 72, NULL, NULL),
(890, 'Solara', 72, NULL, NULL),
(891, 'Horizon', 72, NULL, NULL),
(892, 'Telcosport', 73, NULL, NULL),
(893, 'Telco', 73, NULL, NULL),
(894, 'Sumo', 73, NULL, NULL),
(895, 'Safari', 73, NULL, NULL),
(896, 'Indica', 73, NULL, NULL),
(897, 'Indigo', 73, NULL, NULL),
(898, 'Grand Safari', 73, NULL, NULL),
(899, 'Tl Pick Up', 73, NULL, NULL),
(900, 'Xenon Pick Up', 73, NULL, NULL),
(901, 'Vista', 73, NULL, NULL),
(902, 'Xenon', 73, NULL, NULL),
(903, 'Aria', 73, NULL, NULL),
(904, 'Carina E', 74, NULL, NULL),
(905, '4runner', 74, NULL, NULL),
(906, 'Camry', 74, NULL, NULL),
(907, 'Rav4', 74, NULL, NULL),
(908, 'Celica', 74, NULL, NULL),
(909, 'Supra', 74, NULL, NULL),
(910, 'Paseo', 74, NULL, NULL),
(911, 'Land Cruiser 80', 74, NULL, NULL),
(912, 'Land Cruiser 100', 74, NULL, NULL),
(913, 'Land Cruiser', 74, NULL, NULL),
(914, 'Land Cruiser 90', 74, NULL, NULL),
(915, 'Corolla', 74, NULL, NULL),
(916, 'Auris', 74, NULL, NULL),
(917, 'Avensis', 74, NULL, NULL),
(918, 'Picnic', 74, NULL, NULL),
(919, 'Yaris', 74, NULL, NULL),
(920, 'Yaris Verso', 74, NULL, NULL),
(921, 'Mr2', 74, NULL, NULL),
(922, 'Previa', 74, NULL, NULL),
(923, 'Prius', 74, NULL, NULL),
(924, 'Avensis Verso', 74, NULL, NULL),
(925, 'Corolla Verso', 74, NULL, NULL),
(926, 'Corolla Sedan', 74, NULL, NULL),
(927, 'Aygo', 74, NULL, NULL),
(928, 'Hilux', 74, NULL, NULL),
(929, 'Dyna', 74, NULL, NULL),
(930, 'Land Cruiser 200', 74, NULL, NULL),
(931, 'Verso', 74, NULL, NULL),
(932, 'Iq', 74, NULL, NULL),
(933, 'Urban Cruiser', 74, NULL, NULL),
(934, 'Gt86', 74, NULL, NULL),
(935, '100', 75, NULL, NULL),
(936, '121', 75, NULL, NULL),
(937, '214', 76, NULL, NULL),
(938, '110 Stawra', 76, NULL, NULL),
(939, '111 Stawra', 76, NULL, NULL),
(940, '215', 76, NULL, NULL),
(941, '112 Stawra', 76, NULL, NULL),
(942, 'Passat', 77, NULL, NULL),
(943, 'Golf', 77, NULL, NULL),
(944, 'Vento', 77, NULL, NULL),
(945, 'Polo', 77, NULL, NULL),
(946, 'Corrado', 77, NULL, NULL),
(947, 'Sharan', 77, NULL, NULL),
(948, 'Lupo', 77, NULL, NULL),
(949, 'Bora', 77, NULL, NULL),
(950, 'Jetta', 77, NULL, NULL),
(951, 'New Beetle', 77, NULL, NULL),
(952, 'Phaeton', 77, NULL, NULL),
(953, 'Touareg', 77, NULL, NULL),
(954, 'Touran', 77, NULL, NULL),
(955, 'Multivan', 77, NULL, NULL),
(956, 'Caddy', 77, NULL, NULL),
(957, 'Golf Plus', 77, NULL, NULL),
(958, 'Fox', 77, NULL, NULL),
(959, 'Eos', 77, NULL, NULL),
(960, 'Caravelle', 77, NULL, NULL),
(961, 'Tiguan', 77, NULL, NULL),
(962, 'Transporter', 77, NULL, NULL),
(963, 'Lt', 77, NULL, NULL),
(964, 'Taro', 77, NULL, NULL),
(965, 'Crafter', 77, NULL, NULL),
(966, 'California', 77, NULL, NULL),
(967, 'Santana', 77, NULL, NULL),
(968, 'Scirocco', 77, NULL, NULL),
(969, 'Passat Cc', 77, NULL, NULL),
(970, 'Amarok', 77, NULL, NULL),
(971, 'Beetle', 77, NULL, NULL),
(972, 'Up', 77, NULL, NULL),
(973, 'Cc', 77, NULL, NULL),
(974, '440', 78, NULL, NULL),
(975, '850', 78, NULL, NULL),
(976, 'S70', 78, NULL, NULL),
(977, 'V70', 78, NULL, NULL),
(978, 'V70 Classic', 78, NULL, NULL),
(979, '940', 78, NULL, NULL),
(980, '480', 78, NULL, NULL),
(981, '460', 78, NULL, NULL),
(982, '960', 78, NULL, NULL),
(983, 'S90', 78, NULL, NULL),
(984, 'V90', 78, NULL, NULL),
(985, 'Classic', 78, NULL, NULL),
(986, 'S40', 78, NULL, NULL),
(987, 'V40', 78, NULL, NULL),
(988, 'V50', 78, NULL, NULL),
(989, 'V70 Xc', 78, NULL, NULL),
(990, 'Xc70', 78, NULL, NULL),
(991, 'C70', 78, NULL, NULL),
(992, 'S80', 78, NULL, NULL),
(993, 'S60', 78, NULL, NULL),
(994, 'Xc90', 78, NULL, NULL),
(995, 'C30', 78, NULL, NULL),
(996, '780', 78, NULL, NULL),
(997, '760', 78, NULL, NULL),
(998, '740', 78, NULL, NULL),
(999, '240', 78, NULL, NULL),
(1000, '360', 78, NULL, NULL),
(1001, '340', 78, NULL, NULL),
(1002, 'Xc60', 78, NULL, NULL),
(1003, 'V60', 78, NULL, NULL),
(1004, 'V40 Cross Country', 78, NULL, NULL),
(1005, '353', 79, NULL, NULL),
(1006, 'Mini', 53, NULL, NULL),
(1007, 'Countryman', 53, NULL, NULL),
(1008, 'Paceman', 53, NULL, NULL);

--
-- Volcado de datos para la tabla `talleres_mecanicos`
--

INSERT INTO `talleres_mecanicos` (`id`, `nombre`, `telefono`, `correo`, `direccion`, `municipios_id`, `users_id`, `created_at`, `updated_at`) VALUES
(1, 'Taller Mecanico David', '9361140771', 'davidgarcia2809@gmail.com', 'Ut aut laborum QuisUt aut laborum QuisUt aut laborum QuisUt aut laborum QuisUt aut laborum Quis', 17, 1, NULL, NULL),
(2, 'Taller Mecanico El deivid', '9361140772', 'davisdgarciajeronimo@gmail.com', 'Ut aut laborum QuisUt aut laborum QuisUt aut laborum QuisUt aut laborum QuisUt aut laborum Quis', 11, 2, NULL, NULL),
(3, 'Taller Mecánico Domínguez', '9361014324', 'tallerdominguez12@gmail.com', 'Ut aut laborum QuisUt aut laborum QuisUt aut laborum QuisUt aut laborum QuisUt aut laborum Quis', 1, 2, NULL, NULL),
(4, 'Taller Mecánico BALCA', '9361014322', 'Balcatall@gmail.com', 'Ut aut laborum QuisUt aut laborum QuisUt aut laborum QuisUt aut laborum QuisUt aut laborum Quis', 6, 1, NULL, NULL),
(5, 'Taller Mecanico Automotriz Optimus', '9364048575', 'optimuhuachua@gmail.com', 'Ut aut laborum QuisUt aut laborum QuisUt aut laborum QuisUt aut laborum QuisUt aut laborum Quis', 11, 2, NULL, NULL);
COMMIT;

/*!40101 SET CHARACTER_SET_CLIENT=@OLD_CHARACTER_SET_CLIENT */;
/*!40101 SET CHARACTER_SET_RESULTS=@OLD_CHARACTER_SET_RESULTS */;
/*!40101 SET COLLATION_CONNECTION=@OLD_COLLATION_CONNECTION */;
